Author,Year,Title,Type of Group,Variable,Scale,Comparison,Time,m1,sd1,m2,sd2,n,mdiff,sddiff,Notes,plotname,ptstype,PTSDDx,Framework
"Arden-Close, Gidron, Bayne, & Moss-Morris",2013,Written emotional disclosure for women with ovarian cancer and their partners: randomised controlled trial,Ovarian Cancer - Patients Only,PTS,Impact of Event Scale - Revised: Intrusions Subscale,Baseline to 3 months,3,10.9,7.46,10.68,8,53,,,,AC 1,int,No,WED
"Arden-Close, Gidron, Bayne, & Moss-Morris",2013,Written emotional disclosure for women with ovarian cancer and their partners: randomised controlled trial,Ovarian Cancer - Patients Only,PTS,Impact of Event Scale - Revised: Intrusions Subscale,3 months to 6 months,3,10.68,8,11.4,7.58,53,,,,AC 2,int,No,WED
"Arden-Close, Gidron, Bayne, & Moss-Morris",2013,Written emotional disclosure for women with ovarian cancer and their partners: randomised controlled trial,Ovarian Cancer - Patients Only,QOL,The Functional Assessment of Cancer Therapy - General,Baseline to 3 months,3,58.87,12.53,56,15.3,53,,,,AC 1,,No,WED
"Arden-Close, Gidron, Bayne, & Moss-Morris",2013,Written emotional disclosure for women with ovarian cancer and their partners: randomised controlled trial,Ovarian Cancer - Patients Only,QOL,The Functional Assessment of Cancer Therapy - General,3 months to 6 months,3,56,15.3,56.3,14.96,53,,,,AC 2,,No,WED
"Bugg, Turpin, Mason, & Scholes",2008,A randomised controlled trial of the effectiveness of writing as a self-help intervention for traumatic injury patients at risk of developing post traumatic stress disorder,Traumatic injury at risk for PTSD,PTS,Post-traumatic Stress Diagnostic Scale,Baseline to 3 months,3,21.52,12,16.13,11.98,31,,,,B 1,total,Yes,WED
"Bugg, Turpin, Mason, & Scholes",2008,A randomised controlled trial of the effectiveness of writing as a self-help intervention for traumatic injury patients at risk of developing post traumatic stress disorder,Traumatic injury at risk for PTSD,PTS,Post-traumatic Stress Diagnostic Scale,3 months to 6 months,3,16.13,11.98,12.42,12.77,24,,,"Assumed smaller sample size, as the total sample numbers are presented",B 2,total,Yes,WED
"Bernard, Jackson, & Jones",2006,Written emotional disclosure following first-episode psychosis: Effects on symptoms of post-traumatic stress disorder,Participants who suffered Psychosis,PTS,Impact of Event Scale - Revised: Avoidance Subscale,Baseline to 6 weeks,1.5,17.08,6.65,10.67,7.25,12,,,,BJJ,avoid,Mixed,WED
"Bernard, Jackson, & Jones",2006,Written emotional disclosure following first-episode psychosis: Effects on symptoms of post-traumatic stress disorder,Participants who suffered Psychosis,PTS,Impact of Event Scale - Revised: Hyperarousal Subscale,Baseline to 6 weeks,1.5,11.92,8.23,8.67,6.69,12,,,,BJJ,hyper,Mixed,WED
"Bernard, Jackson, & Jones",2006,Written emotional disclosure following first-episode psychosis: Effects on symptoms of post-traumatic stress disorder,Participants who suffered Psychosis,PTS,Impact of Event Scale - Revised: Intrusions Subscale,Baseline to 6 weeks,1.5,14.75,9.08,12.83,9.41,12,,,,BJJ,int,Mixed,WED
"Bernard, Jackson, & Jones",2006,Written emotional disclosure following first-episode psychosis: Effects on symptoms of post-traumatic stress disorder,Participants who suffered Psychosis,PTS,Impact of Event Scale - Revised: Total,Baseline to 6 weeks,1.5,43.75,20.2,32.17,21.8,12,,,,BJJ,total,Mixed,WED
Barry & Singer,2001,Reducing maternal psychological distress after the NICU experience through journal writing,Female caregivers of sick loved ones,PTS,Impact of Event Scale - Revised: Avoidance Subscale,Baseline to 1 month,1,8.74,10.16,6.47,8.38,19,,,,BS,avoid,No,WED
Barry & Singer,2001,Reducing maternal psychological distress after the NICU experience through journal writing,Female caregivers of sick loved ones,PTS,Impact of Event Scale - Revised: Hyperarousal Subscale,Baseline to 1 month,1,8.21,8.97,3.84,5.78,19,,,,BS,hyper,No,WED
"Bugg, Turpin, Mason, & Scholes",2008,A randomised controlled trial of the effectiveness of writing as a self-help intervention for traumatic injury patients at risk of developing post traumatic stress disorder,Traumatic injury at risk for PTSD,QOL,World Health Organisation Quality of Life Measure - Brief: Environment,3 months to 6 months,3,13.1,2.43,13.87,3.52,24,,,"Assumed smaller sample size, as the total sample numbers are presented",B 1,,Yes,WED
Barry & Singer,2001,Reducing maternal psychological distress after the NICU experience through journal writing,Female caregivers of sick loved ones,PTS,Impact of Event Scale - Revised: Intrusions Subscale,Baseline to 1 month,1,15.37,10.56,8.95,7.69,19,,,,BS,int,No,WED
Barry & Singer,2001,Reducing maternal psychological distress after the NICU experience through journal writing,Female caregivers of sick loved ones,PTS,Impact of Event Scale - Revised: Total,Baseline to 1 month,1,32.32,27.34,19.26,20.91,19,,,,BS,total,No,WED
"Bugg, Turpin, Mason, & Scholes",2008,A randomised controlled trial of the effectiveness of writing as a self-help intervention for traumatic injury patients at risk of developing post traumatic stress disorder,Traumatic injury at risk for PTSD,QOL,World Health Organisation Quality of Life Measure - Brief: Overall,3 months to 6 months,3,3.61,0.95,3.92,0.97,24,,,"Assumed smaller sample size, as the total sample numbers are presented",B 2,,Yes,WED
"Bugg, Turpin, Mason, & Scholes",2008,A randomised controlled trial of the effectiveness of writing as a self-help intervention for traumatic injury patients at risk of developing post traumatic stress disorder,Traumatic injury at risk for PTSD,QOL,World Health Organisation Quality of Life Measure - Brief: Physical Health,3 months to 6 months,3,14.32,2.88,14.88,3.34,24,,,"Assumed smaller sample size, as the total sample numbers are presented",B 3,,Yes,WED
"Bugg, Turpin, Mason, & Scholes",2008,A randomised controlled trial of the effectiveness of writing as a self-help intervention for traumatic injury patients at risk of developing post traumatic stress disorder,Traumatic injury at risk for PTSD,QOL,World Health Organisation Quality of Life Measure - Brief: Psychological,3 months to 6 months,3,12.35,3.38,13.29,4.04,24,,,"Assumed smaller sample size, as the total sample numbers are presented",B 4,,Yes,WED
"Bugg, Turpin, Mason, & Scholes",2008,A randomised controlled trial of the effectiveness of writing as a self-help intervention for traumatic injury patients at risk of developing post traumatic stress disorder,Traumatic injury at risk for PTSD,QOL,World Health Organisation Quality of Life Measure - Brief: Social Relationships,3 months to 6 months,3,14.13,3.89,14.5,4.34,24,,,"Assumed smaller sample size, as the total sample numbers are presented",B 5,,Yes,WED
"Broderick, Junghaenel, & Schwartz",2005,Written Emotional Expression Produces Health Benefits in Fibromyalgia Patients,Females and community members with fibromyalgia ,QOL,Quality of Life Scale,Baseline to 4 months,4,,,,,28,0.6,11.11,,BJS,,No,WED
"Craft, Davis, & Paulson",2012,Expressive writing in early breast cancer survivors,Breast Cancer,QOL,Functional Assessment of Cancer Therapy-Breast Cancer Version (FACT-B),Baseline to 1 month,1,107.95,9.26,114.83,10.48,26,,,Writing about breast cancer trauma,C 1,,No,WED
"Craft, Davis, & Paulson",2012,Expressive writing in early breast cancer survivors,Breast Cancer,QOL,Functional Assessment of Cancer Therapy-Breast Cancer Version (FACT-B),1 month to 6 months,5,114.83,10.48,112.6,9.12,26,,,Writing about breast cancer trauma,C 2,,No,WED
"Craft, Davis, & Paulson",2012,Expressive writing in early breast cancer survivors,Breast Cancer,QOL,Functional Assessment of Cancer Therapy-Breast Cancer Version (FACT-B),Baseline to 1 month,1,106.03,15.18,110.75,15.17,19,,,Writing about self-selected trauma,C 3,,No,WED
"Craft, Davis, & Paulson",2012,Expressive writing in early breast cancer survivors,Breast Cancer,QOL,Functional Assessment of Cancer Therapy-Breast Cancer Version (FACT-B),1 month to 6 months,5,110.75,15.17,106.63,12.08,19,,,Writing about self-selected trauma,C 4,,No,WED
"Craft, Davis, & Paulson",2012,Expressive writing in early breast cancer survivors,Breast Cancer,QOL,Functional Assessment of Cancer Therapy-Breast Cancer Version (FACT-B),Baseline to 1 month,1,105.98,15.74,119.62,13.52,22,,,Writing about facts,C 5,,No,WED
"Craft, Davis, & Paulson",2012,Expressive writing in early breast cancer survivors,Breast Cancer,QOL,Functional Assessment of Cancer Therapy-Breast Cancer Version (FACT-B),1 month to 6 months,5,119.62,13.52,112.04,10.31,22,,,Writing about facts,C 6,,No,WED
"Di Blasio, Camisasca, Silvia Caravita, Ionio, Milani, & Valtolina",2015,The Effects of Expressive Writing on Postpartum Depression and Posttraumtic Stress Symptoms,Post-Childbirth,PTS,Perinatal PTSD Questionnaire: Total,Baseline to 3 months,3,5.04,2.17,2.51,2.21,57,,,,D,total,No,WED
"Di Blasio, Camisasca, Silvia Caravita, Ionio, Milani, & Valtolina",2015,The Effects of Expressive Writing on Postpartum Depression and Posttraumtic Stress Symptoms,Post-Childbirth,PTS,Perinatal PTSD Questionnaire: Avoidance,Baseline to 3 months,3,1.65,1.28,1.28,1.27,57,,,,D,avoid,No,WED
"Di Blasio, Camisasca, Silvia Caravita, Ionio, Milani, & Valtolina",2015,The Effects of Expressive Writing on Postpartum Depression and Posttraumtic Stress Symptoms,Post-Childbirth,PTS,Perinatal PTSD Questionnaire: Hyperarousal,Baseline to 3 months,3,2.61,1.11,1.74,1.04,57,,,,D,hyper,No,WED
"Di Blasio, Camisasca, Silvia Caravita, Ionio, Milani, & Valtolina",2015,The Effects of Expressive Writing on Postpartum Depression and Posttraumtic Stress Symptoms,Post-Childbirth,PTS,Perinatal PTSD Questionnaire: Intrusion,Baseline to 3 months,3,0.77,0.84,0.49,0.73,57,,,,D,int,No,WED
Deters & Range,2003,Does Writing Reduce Posttraumatic Stress Disorder Symptoms?,Students experiencing a traumatic event,PTS,Impact of Event Scale - Revised: Total,Pre to 2 weeks,0.5,1.64,0.89,1.6,1.01,57,,,Only overall scores for all writing groups,DR 1,total,Yes,WED
Deters & Range,2003,Does Writing Reduce Posttraumatic Stress Disorder Symptoms?,Students experiencing a traumatic event,PTS,Impact of Event Scale - Revised: Total,2 weeks to 8 weeks,1.5,1.6,1.01,1.09,0.96,57,,,Only overall scores for all writing groups,DR 2,total,Yes,WED
Deters & Range,2003,Does Writing Reduce Posttraumatic Stress Disorder Symptoms?,Students experiencing a traumatic event,PTS,Post-traumatic Stress Diagnostic Scale,Pre to 2 weeks,0.5,19.52,12.18,17.48,11.35,57,,,Only overall scores for all writing groups,DR 3,total,Yes,WED
Deters & Range,2003,Does Writing Reduce Posttraumatic Stress Disorder Symptoms?,Students experiencing a traumatic event,PTS,Post-traumatic Stress Diagnostic Scale,2 weeks to 8 weeks,1.5,17.48,11.35,13.29,10.97,57,,,Only overall scores for all writing groups,DR 4,total,Yes,WED
Gebler & Maercker,2007,Expressive writing and existential writing as coping with traumatic experiences   A randomized controlled pilot study,Students/Clinic Affected by Traumatic Experience,PTS,Impact of Event Scale - Revised: Avoidance Subscale,Pre to 2 weeks,0.5,18.3,11,19,12.2,8,,,Standard condition,GM 1,avoid,Mixed,WED
Gebler & Maercker,2007,Expressive writing and existential writing as coping with traumatic experiences   A randomized controlled pilot study,Students/Clinic Affected by Traumatic Experience,PTS,Impact of Event Scale - Revised: Hyperarousal Subscale,Pre to 2 weeks,0.5,18,9.4,15.4,9.8,8,,,Standard condition,GM 1,hyper,Mixed,WED
Gebler & Maercker,2007,Expressive writing and existential writing as coping with traumatic experiences   A randomized controlled pilot study,Students/Clinic Affected by Traumatic Experience,PTS,Impact of Event Scale - Revised: Intrusions Subscale,Pre to 2 weeks,0.5,17.4,7.3,16.9,7.9,8,,,Standard condition,GM 1,int,Mixed,WED
Gebler & Maercker,2007,Expressive writing and existential writing as coping with traumatic experiences   A randomized controlled pilot study,Students/Clinic Affected by Traumatic Experience,PTS,Impact of Event Scale - Revised: Avoidance Subscale,2 weeks to 10 weeks,2,19,12.2,18.9,9.2,8,,,Standard condition,GM 2,avoid,Mixed,WED
Gebler & Maercker,2007,Expressive writing and existential writing as coping with traumatic experiences   A randomized controlled pilot study,Students/Clinic Affected by Traumatic Experience,PTS,Impact of Event Scale - Revised: Hyperarousal Subscale,2 weeks to 10 weeks,2,15.4,9.8,12.3,6.7,8,,,Standard condition,GM 2,hyper,Mixed,WED
Gebler & Maercker,2007,Expressive writing and existential writing as coping with traumatic experiences   A randomized controlled pilot study,Students/Clinic Affected by Traumatic Experience,PTS,Impact of Event Scale - Revised: Intrusions Subscale,2 weeks to 10 weeks,2,16.9,7.9,14.8,7.2,8,,,Standard condition,GM 2,int,Mixed,WED
Gebler & Maercker,2007,Expressive writing and existential writing as coping with traumatic experiences   A randomized controlled pilot study,Students/Clinic Affected by Traumatic Experience,PTS,Impact of Event Scale - Revised: Avoidance Subscale,Pre to 2 weeks,0.5,13.3,10.2,10.6,7.7,9,,,Existential condition,GM 3,avoid,Mixed,WED
Gebler & Maercker,2007,Expressive writing and existential writing as coping with traumatic experiences   A randomized controlled pilot study,Students/Clinic Affected by Traumatic Experience,PTS,Impact of Event Scale - Revised: Hyperarousal Subscale,Pre to 2 weeks,0.5,6.6,3.6,7.8,5,9,,,Existential condition,GM 3,hyper,Mixed,WED
Gebler & Maercker,2007,Expressive writing and existential writing as coping with traumatic experiences   A randomized controlled pilot study,Students/Clinic Affected by Traumatic Experience,PTS,Impact of Event Scale - Revised: Intrusions Subscale,Pre to 2 weeks,0.5,16.1,7.4,16.9,7.2,9,,,Existential condition,GM 3,int,Mixed,WED
Gebler & Maercker,2007,Expressive writing and existential writing as coping with traumatic experiences   A randomized controlled pilot study,Students/Clinic Affected by Traumatic Experience,PTS,Impact of Event Scale - Revised: Avoidance Subscale,2 weeks to 10 weeks,2,10.6,7.7,6.9,5.5,9,,,Existential condition,GM 4,avoid,Mixed,WED
Gebler & Maercker,2007,Expressive writing and existential writing as coping with traumatic experiences   A randomized controlled pilot study,Students/Clinic Affected by Traumatic Experience,PTS,Impact of Event Scale - Revised: Hyperarousal Subscale,2 weeks to 10 weeks,2,7.8,5,3.6,2.1,9,,,Existential condition,GM 4,hyper,Mixed,WED
Gebler & Maercker,2007,Expressive writing and existential writing as coping with traumatic experiences   A randomized controlled pilot study,Students/Clinic Affected by Traumatic Experience,PTS,Impact of Event Scale - Revised: Intrusions Subscale,2 weeks to 10 weeks,2,16.9,7.2,10.6,6.5,9,,,Existential condition,GM 4,int,Mixed,WED
Gebler & Maercker,2007,Expressive writing and existential writing as coping with traumatic experiences   A randomized controlled pilot study,Students/Clinic Affected by Traumatic Experience,PTG,Post-traumatic Growth Inventory,Pre to 2 weeks,0.5,49.1,19.5,58.3,18.5,8,,,Standard condition,GM 1,,Mixed,WED
Gebler & Maercker,2007,Expressive writing and existential writing as coping with traumatic experiences   A randomized controlled pilot study,Students/Clinic Affected by Traumatic Experience,PTG,Post-traumatic Growth Inventory,2 weeks to 10 weeks,2,58.3,18.5,54.5,17.5,8,,,Standard condition,GM 2,,Mixed,WED
Gebler & Maercker,2007,Expressive writing and existential writing as coping with traumatic experiences   A randomized controlled pilot study,Students/Clinic Affected by Traumatic Experience,PTG,Post-traumatic Growth Inventory,Pre to 2 weeks,0.5,56.1,16,56.3,13.8,9,,,Existential condition,GM 3,,Mixed,WED
Gebler & Maercker,2007,Expressive writing and existential writing as coping with traumatic experiences   A randomized controlled pilot study,Students/Clinic Affected by Traumatic Experience,PTG,Post-traumatic Growth Inventory,2 weeks to 10 weeks,2,56.3,13.8,57.7,15.8,9,,,Existential condition,GM 4,,Mixed,WED
"Gellaitry, Peters, Bloomfield, & Home",2010,Narrowing the gap: the effects of an expressive writing intervention on perceptions of actual and ideal emotional support in women who have completed treatment for early stage breast cancer,Early Stage Breast Cancer Post-Treatment,QOL,Functional Assessment of Cancer Therapy-Breast Cancer Version (FACT-B),Baseline to 1 month,1,105.44,18.85,109.2,17.51,38,,,,G 1,,No,WED
"Gellaitry, Peters, Bloomfield, & Home",2010,Narrowing the gap: the effects of an expressive writing intervention on perceptions of actual and ideal emotional support in women who have completed treatment for early stage breast cancer,Early Stage Breast Cancer Post-Treatment,QOL,Functional Assessment of Cancer Therapy-Breast Cancer Version (FACT-B),1 month to 3 months,2,109.2,17.51,106.94,19.31,38,,,,G 2,,No,WED
"Gellaitry, Peters, Bloomfield, & Home",2010,Narrowing the gap: the effects of an expressive writing intervention on perceptions of actual and ideal emotional support in women who have completed treatment for early stage breast cancer,Early Stage Breast Cancer Post-Treatment,QOL,Functional Assessment of Cancer Therapy-Breast Cancer Version (FACT-B),3 months to 6 months,3,106.94,19.31,109.56,19.81,38,,,,G 3,,No,WED
"Gidron, Peri, Connolly & Shalev",1996, Written emotional disclosure in posttraumatic stress disorder: Is it beneficial for the patient?,Trauma survivors,PTS,Impact of Event Scale: Avoidance Subscale,Baseline to 5 weeks,1.25,13.5,6.9,17.6,10.1,8,,,,GPCS,avoid,Yes,WED
"Gidron, Peri, Connolly & Shalev",1996, Written emotional disclosure in posttraumatic stress disorder: Is it beneficial for the patient?,Trauma survivors,PTS,Impact of Event Scale: Intrusions Subscale,Baseline to 5 weeks,1.25,26.5,5.2,23.2,9.2,8,,,,GPCS,int,Yes,WED
"Gidron, Peri, Connolly & Shalev",1996, Written emotional disclosure in posttraumatic stress disorder: Is it beneficial for the patient?,Trauma survivors,PTS,Impact of Event Scale: Total,Baseline to 5 weeks,1.25,40,5.5,40.9,16.1,8,,,,GPCS,total,Yes,WED
"Giannotta, Settanni, Kliewer, & Ciairano",2009,"Results of an Italian school-based expressive writing intervention
trial focused on peer problems",Italian early adolescents ,PTS,Impact of Event Scale - Revised: Hyperarousal Subscale,Baseline to 2 months,2,5.88,4.71,4.91,4.93,76,,,,GSKC,hyper,No,WED
"Giannotta, Settanni, Kliewer, & Ciairano",2009,"Results of an Italian school-based expressive writing intervention
trial focused on peer problems",Italian early adolescents ,PTS,Impact of Event Scale - Revised: Avoidance Subscale,Baseline to 2 months,2,7.87,5.06,6.16,5.42,76,,,,GSKC,avoid,No,WED
"Giannotta, Settanni, Kliewer, & Ciairano",2009,"Results of an Italian school-based expressive writing intervention
trial focused on peer problems",Italian early adolescents ,PTS,Impact of Event Scale - Revised: Intrusions Subscale,Baseline to 2 months,2,10.86,7.63,8.3,8.61,76,,,,GSKC,int,No,WED
"Greenberg, Wortman, & Stone ",1996,Emotional expression and physical health: Revising traumatic memories or fostering self-regulation?,Female college students with trauma history ,PTS,Impact of Event Scale - Revised: Avoidance Subscale,Baseline to 1 month,1,18.97,12.31,14.83,6.94,34,,,Real condition,GWS 1,avoid,Yes,WED
"Greenberg, Wortman, & Stone ",1996,Emotional expression and physical health: Revising traumatic memories or fostering self-regulation?,Female college students with trauma history ,PTS,Impact of Event Scale - Revised: Intrusions Subscale,Baseline to 1 month,1,16.62,10.02,9.42,6.3,34,,,Real condition,GWS 1,int,Yes,WED
"Greenberg, Wortman, & Stone ",1996,Emotional expression and physical health: Revising traumatic memories or fostering self-regulation?,Female college students with trauma history ,PTS,Impact of Event Scale - Revised: Avoidance Subscale,Baseline to 1 month,1,17.42,10.19,11.06,7.01,32,,,Imaginary condition,GWS 2,avoid,Yes,WED
"Greenberg, Wortman, & Stone ",1996,Emotional expression and physical health: Revising traumatic memories or fostering self-regulation?,Female college students with trauma history ,PTS,Impact of Event Scale - Revised: Intrusions Subscale,Baseline to 1 month,1,12.52,10.41,7.12,6.34,32,,,Imaginary condition,GWS 2,int,Yes,WED
Halpert et al. ,2010,"Expressive Writing Is a Promising Therapeutic Modality
for the Management of IBS: A Pilot Study",Irritable Bowel Syndrone,QOL,IBS-QOL,Baseline to 1 month,1,,,,,82,1.85,15.21,,H 1,,No,WED
Halpert et al. ,2010,"Expressive Writing Is a Promising Therapeutic Modality
for the Management of IBS: A Pilot Study",Irritable Bowel Syndrone,QOL,IBS-QOL,1 month to 3 months,2,,,,,45,5.69,15.97,,H 2,,No,WED
Horsch et al. ,2015,"Improving Maternal Mental Health Following Preterm Birth
Using an Expressive Writing Intervention: A Randomized
Controlled Trial",Mothers who recently had kids ,PTS,Perinatal PTSD Questionnaire,Baseline to 1 month,1,4.09,2.9,2.6,2.5,54,,,,H 1,total,Mixed,WED
Horsch et al. ,2015,"Improving Maternal Mental Health Following Preterm Birth
Using an Expressive Writing Intervention: A Randomized
Controlled Trial",Mothers who recently had kids ,PTS,Perinatal PTSD Questionnaire,1 month to 2 months,1,2.6,2.5,2.78,2.7,54,,,,H 2,total,Mixed,WED
Hoyt & Renshaw,2014,Emotional Disclosure and Posttraumatic Stress Symptoms: Veteran and Spouse Reports,Veterans and their spouses,PTS,PTSD Checklist   Military Version,Baseline to 4/6 months,4,30.15,122.31,29.63,12.95,81,,,"assumed shorter time window, veterans",HR 1,total,No,WED
Hoyt & Renshaw,2014,Emotional Disclosure and Posttraumatic Stress Symptoms: Veteran and Spouse Reports,Veterans and their spouses,PTS,PTSD Checklist   Military Version,Baseline to 4/6 months,4,28.76,14.03,28.85,15.16,80,,,"assumed shorter time window, spouses",HR 2,total,No,WED
Hoyt & Yeater,2011,The effects of negative emotion and expressive writing on posttraumatic stress symptoms,Undergraduate Students,PTS,Trauma Symptom Checklist,Baseline to 1 Day,0.033333333,46.9,12.9,34.2,16.8,60,,,high negative emotion - emotion group,HY 1,total,No,WED
Hoyt & Yeater,2011,The effects of negative emotion and expressive writing on posttraumatic stress symptoms,Undergraduate Students,PTS,Trauma Symptom Checklist,Baseline to 1 Day,0.033333333,42.6,18.6,40.6,14.6,60,,,high negative emotion - active group,HY 2,total,No,WED
Hoyt & Yeater,2011,The effects of negative emotion and expressive writing on posttraumatic stress symptoms,Undergraduate Students,PTS,Trauma Symptom Checklist,Baseline to 1 Day,0.033333333,16.1,9.9,12.5,8.6,60,,,low negative emotion - emotion group,HY 3,total,No,WED
Hoyt & Yeater,2011,The effects of negative emotion and expressive writing on posttraumatic stress symptoms,Undergraduate Students,PTS,Trauma Symptom Checklist,Baseline to 1 Day,0.033333333,13.3,7.9,9.4,6.3,60,,,low negative emotion - active group,HY 4,total,No,WED
"Ironson, O'Cleirigh, Leserman, Stuetzle, Fordiani, Fletcher & Schneiderman",2013,"Gender-Specific Effects of an Augmented Written Emotional DisclosureIntervention on Posttraumatic, Depressive, and HIV-Disease-RelatedOutcomes: A Randomized, Controlled Trial",HIV-infected men and women ,PTS,Davidson PTSD Scale,Baseline to 1 month,1,27.69,23.84,20.63,23.72,104,,,Used smaller time 2 n,I 1,total,No,WED
"Ironson, O'Cleirigh, Leserman, Stuetzle, Fordiani, Fletcher & Schneiderman",2013,"Gender-Specific Effects of an Augmented Written Emotional DisclosureIntervention on Posttraumatic, Depressive, and HIV-Disease-RelatedOutcomes: A Randomized, Controlled Trial",HIV-infected men and women ,PTS,Davidson PTSD Scale,1 month to 6 months,5,20.63,23.72,17.66,20.13,94,,,Used smaller time 2 n,I 2,total,No,WED
"Ironson, O'Cleirigh, Leserman, Stuetzle, Fordiani, Fletcher & Schneiderman",2013,"Gender-Specific Effects of an Augmented Written Emotional DisclosureIntervention on Posttraumatic, Depressive, and HIV-Disease-RelatedOutcomes: A Randomized, Controlled Trial",HIV-infected men and women ,PTS,Davidson PTSD Scale,6 months to 12 months,6,17.66,20.13,18.08,20.41,82,,,Used smaller time 2 n,I 3,total,No,WED
Kallay & Baban ,2008,Emotional benefits of expressive writing in a sample of Romanian female cancer patients ,Romanian Female Cancer Patients,PTG,Stress Related Growth Scale,Baseline to 1 month,1,20.68,7.56,21.97,6.67,45,,,Full group,KB 1,,No,WED
Kallay & Baban ,2008,Emotional benefits of expressive writing in a sample of Romanian female cancer patients ,Romanian Female Cancer Patients,PTG,Stress Related Growth Scale,Baseline to 1 month,1,19.6,6.41,22.2,5.15,10,,,High BDI subgroup,KB 2,,No,WED
"Kearns, Edwards, Calhoun, & Gidycz",2010,Disclosure of sexual victimization: The effects of Pennebaker's emotional disclosure paradigm on physical and psychological distress ,sexual victimization ,PTS,Trauma Symptom Checklist,Baseline to 1 month,4,34.61,15.8,24.01,14.83,71,,,,KEC,total,No,WED
"Konig, Eonta, Dyal, & Vrana",2014,Enhancing the benefits of written emotional disclosure through response training,College students,PTS,Davidson PTSD Scale,Baseline to 1 month,4,19.3,18.2,11.2,1,40,,,Response group,KED 1,total,No,WED
"Konig, Eonta, Dyal, & Vrana",2014,Enhancing the benefits of written emotional disclosure through response training,College students,PTS,Davidson PTSD Scale,Baseline to 1 month,4,14.3,10.7,8.2,14.3,35,,,Stimulus group,KED 2,total,No,WED
"Konig, Eonta, Dyal, & Vrana",2014,Enhancing the benefits of written emotional disclosure through response training,College students,PTS,Davidson PTSD Scale,Baseline to 1 month,4,19.6,13.4,12.2,11.3,38,,,No training,KED 3,total,No,WED
"Koopman, Ismailji, Holmes, Classen, Palesh, & Wales",2005,"The effects of expressive writing on pain, depression and posttraumatic stress disorder symptoms in survivors of intimate partner violence",Intimate Partner Violence Survivors,PTS,PTSD Checklist - Specific Version,Baseline to 4 months,4,46.5,15.6,39.9,18.7,47,,,,KIH,total,Yes,WED
Knaevelsrud & Maercker,2007,Internet-based treatment for PTSD reduces distress and facilitates the development of a strong therapeutic alliance: a randomized controlled clinical trial,PTSD diagnoses,PTS,Impact of Event Scale - Revised: Avoidance Subscale,Baseline to 5 weeks,1.25,19.9,9.8,10.1,10.2,49,,,,KM 1,avoid,Yes,WED
Knaevelsrud & Maercker,2007,Internet-based treatment for PTSD reduces distress and facilitates the development of a strong therapeutic alliance: a randomized controlled clinical trial,PTSD diagnoses,PTS,Impact of Event Scale - Revised: Hyperarousal Subscale,Baseline to 5 weeks,1.25,22.1,6.5,11,9,49,,,,KM 1,hyper,Yes,WED
Knaevelsrud & Maercker,2007,Internet-based treatment for PTSD reduces distress and facilitates the development of a strong therapeutic alliance: a randomized controlled clinical trial,PTSD diagnoses,PTS,Impact of Event Scale - Revised: Intrusions Subscale,Baseline to 5 weeks,1.25,23,6.4,12.3,8.7,49,,,,KM 1,int,Yes,WED
Knaevelsrud & Maercker,2007,Internet-based treatment for PTSD reduces distress and facilitates the development of a strong therapeutic alliance: a randomized controlled clinical trial,PTSD diagnoses,PTS,Impact of Event Scale - Revised: Avoidance Subscale,Post to Follow up,3,10.1,10.2,9.7,9.9,49,,,,KM 2,avoid,Yes,WED
Knaevelsrud & Maercker,2007,Internet-based treatment for PTSD reduces distress and facilitates the development of a strong therapeutic alliance: a randomized controlled clinical trial,PTSD diagnoses,PTS,Impact of Event Scale - Revised: Hyperarousal Subscale,Post to Follow up,3,11,9,10,8.5,49,,,,KM 2,hyper,Yes,WED
Knaevelsrud & Maercker,2007,Internet-based treatment for PTSD reduces distress and facilitates the development of a strong therapeutic alliance: a randomized controlled clinical trial,PTSD diagnoses,PTS,Impact of Event Scale - Revised: Intrusions Subscale,Post to Follow up,3,12.3,8.7,12.7,8.1,49,,,,KM 2,int,Yes,WED
Kovac & Range,2000,Writing Projects: Lessening Undergraduatesê Unique Suicidal Bereavement,Bereaved college students ,PTS,Impact of Event Scale: Avoidance Subscale,Baseline to 4 days,0.133333333,14.27,12.58,12.6,11.46,19,,,,KR 1,avoid,No,WED
Kovac & Range,2000,Writing Projects: Lessening Undergraduatesê Unique Suicidal Bereavement,Bereaved college students ,PTS,Impact of Event Scale: Intrusions Subscale,Baseline to 4 days,0.133333333,13.53,8.1,12.8,8.98,19,,,,KR 1,int,No,WED
Kovac & Range,2000,Writing Projects: Lessening Undergraduatesê Unique Suicidal Bereavement,Bereaved college students ,PTS,Impact of Event Scale: Total,Baseline to 4 days,0.133333333,27.6,17.67,25.4,19.13,19,,,,KR 1,total,No,WED
Kovac & Range,2000,Writing Projects: Lessening Undergraduatesê Unique Suicidal Bereavement,Bereaved college students ,PTS,Impact of Event Scale: Avoidance Subscale,4 days to 6/8 weeks,1.5,12.6,11.46,10.6,12.93,19,,,assumed shorter time window,KR 2,avoid,No,WED
Kovac & Range,2000,Writing Projects: Lessening Undergraduatesê Unique Suicidal Bereavement,Bereaved college students ,PTS,Impact of Event Scale: Intrusions Subscale,4 days to 6/8 weeks,1.5,12.8,8.98,9.27,7.84,19,,,assumed shorter time window,KR 2,int,No,WED
Kovac & Range,2000,Writing Projects: Lessening Undergraduatesê Unique Suicidal Bereavement,Bereaved college students ,PTS,Impact of Event Scale: Total,4 days to 6/8 weeks,1.5,25.4,19.13,19.87,19.66,19,,,assumed shorter time window,KR 2,total,No,WED
"Lancaster, Klein & Heifner",2015,The Validity of Self-Reported Growth After Expressive Writing,Undergraduate Students,PTG,Post-traumatic Growth Inventory: Appreciation of Life,Baseline to end of experiment,0.033333333,8.29,4.12,8.37,4.39,45,,,"listed one day on timing, as it was part of the same day",L 1,,No,WED
"Lancaster, Klein & Heifner",2015,The Validity of Self-Reported Growth After Expressive Writing,Undergraduate Students,PTG,Post-traumatic Growth Inventory: New Possibilities,Baseline to end of experiment,0.033333333,9.8,6.4,9.86,6.84,45,,,"listed one day on timing, as it was part of the same day",L 2,,No,WED
"Lancaster, Klein & Heifner",2015,The Validity of Self-Reported Growth After Expressive Writing,Undergraduate Students,PTG,Post-traumatic Growth Inventory: Personal Strength,Baseline to end of experiment,0.033333333,10.64,4.56,10.44,5.21,45,,,"listed one day on timing, as it was part of the same day",L 3,,No,WED
"Lancaster, Klein & Heifner",2015,The Validity of Self-Reported Growth After Expressive Writing,Undergraduate Students,PTG,Post-traumatic Growth Inventory: Relating to Others,Baseline to end of experiment,0.033333333,17.07,8.81,17.37,10.04,45,,,"listed one day on timing, as it was part of the same day",L 4,,No,WED
"Lancaster, Klein & Heifner",2015,The Validity of Self-Reported Growth After Expressive Writing,Undergraduate Students,PTG,Post-traumatic Growth Inventory: Spiritual Change,Baseline to end of experiment,0.033333333,4.12,3.27,3.98,3.36,45,,,"listed one day on timing, as it was part of the same day",L 5,,No,WED
"Lancaster, Klein & Heifner",2015,The Validity of Self-Reported Growth After Expressive Writing,Undergraduate Students,PTG,Post-traumatic Growth Inventory: Total,Baseline to end of experiment,0.033333333,49.91,21.18,50.03,25.36,45,,,"listed one day on timing, as it was part of the same day",L 6,,No,WED
Lichtenthal & Cruess ,2010,Effects of directed written disclosure on grief and distress symptoms among bereaved individuals,Grief college students,PTS,PTSD Checklist   Civilian Version,Baseline to 1 week,1,29.1,9.1,28.6,9.3,39,,,,LC 1,total,No,WED
Lichtenthal & Cruess ,2010,Effects of directed written disclosure on grief and distress symptoms among bereaved individuals,Grief college students,PTS,PTSD Checklist   Civilian Version,1 week to 3 months,11,28.6,9.3,25.2,10.6,19,,,,LC 2,total,No,WED
"Low, Stanton, Boewer, & Gyllenhammer",2010,A Randomized Controlled Trial of Emotionally Expressive Writing forWomen With Metastatic Breast Cancer,Metastatic Breast Cancer ,PTS,Impact of Event Scale: Intrusions Subscale,Baseline to 3 months,3,,,,,38,8.7,5.79,,Low,int,No,WED
"Lu, Zheng, Young, Kagawa-Singer & Loh",2012,"A Pilot Study of Expressive Writing Intervention among Chinese
Speaking Breast Cancer Survivors",Breast Cancer Survivors,PTS,Impact of Event Scale: Intrusions Subscale,Baseline to 3 months,3,1.19,0.77,0.93,0.53,19,,,,Lu 1,int,No,WED
"Lu, Zheng, Young, Kagawa-Singer & Loh",2012,"A Pilot Study of Expressive Writing Intervention among Chinese
Speaking Breast Cancer Survivors",Breast Cancer Survivors,PTS,PTSD Symptom Scale,Baseline to 3 months,3,13.9,10.12,11.63,7.72,19,,,,Lu 1,total,No,WED
"Lu, Zheng, Young, Kagawa-Singer & Loh",2012,"A Pilot Study of Expressive Writing Intervention among Chinese
Speaking Breast Cancer Survivors",Breast Cancer Survivors,PTS,Impact of Event Scale: Intrusions Subscale,3 months to 6 months,3,0.93,0.53,1.1,0.83,19,,,,Lu 2,int,No,WED
"Lu, Zheng, Young, Kagawa-Singer & Loh",2012,"A Pilot Study of Expressive Writing Intervention among Chinese
Speaking Breast Cancer Survivors",Breast Cancer Survivors,PTS,PTSD Symptom Scale,3 months to 6 months,3,11.63,7.72,11.75,7.23,19,,,,Lu 2,total,No,WED
"Lange, de Ven, Schrieken & Emmelkamp",2001,Interapy. Treatment of posttraumatic stressthrough the Internet: a controlled trial,Students,PTS,Impact of Event Scale: Avoidance Subscale,Baseline to 6 weeks,1.5,12.5,8.6,2.9,3,8,,,,LVSE 1,avoid,Yes,WED
"Lange, de Ven, Schrieken & Emmelkamp",2001,Interapy. Treatment of posttraumatic stressthrough the Internet: a controlled trial,Students,PTS,Impact of Event Scale: Intrusions Subscale,Baseline to 6 weeks,1.5,17.5,6.5,6.5,4.5,8,,,,LVSE 1,int,Yes,WED
"Lange, de Ven, Schrieken & Emmelkamp",2001,Interapy. Treatment of posttraumatic stressthrough the Internet: a controlled trial,Students,PTS,Impact of Event Scale: Avoidance Subscale,6 weeks to 12 weeks,1.5,2.9,3,0.9,1.9,8,,,,LVSE 2,avoid,Yes,WED
"Lange, de Ven, Schrieken & Emmelkamp",2001,Interapy. Treatment of posttraumatic stressthrough the Internet: a controlled trial,Students,PTS,Impact of Event Scale: Intrusions Subscale,6 weeks to 12 weeks,1.5,6.5,4.5,2.9,2.4,8,,,,LVSE 2,int,Yes,WED
"Lu, Zheng, Young, Kagawa-Singer & Loh",2012,"A Pilot Study of Expressive Writing Intervention among Chinese
Speaking Breast Cancer Survivors",Breast Cancer Survivors,QOL,Functional Assessment of Cancer Therapy-Breast Cancer Version (FACT-B),Baseline to 3 months,3,98.82,23.25,103.09,21.88,19,,,,L 1,,No,WED
"Lu, Zheng, Young, Kagawa-Singer & Loh",2012,"A Pilot Study of Expressive Writing Intervention among Chinese
Speaking Breast Cancer Survivors",Breast Cancer Survivors,QOL,Functional Assessment of Cancer Therapy-Breast Cancer Version (FACT-B),3 months to 6 months,3,103.09,21.88,102.71,23.5,19,,,,L 2,,No,WED
"Lu, Zheng, Young, Kagawa-Singer & Loh",2012,"A Pilot Study of Expressive Writing Intervention among Chinese
Speaking Breast Cancer Survivors",Breast Cancer Survivors,QOL,Post-traumatic Growth Inventory: Total,Baseline to 3 months,3,72,23.05,76.01,15.77,19,,,,L 3,,No,WED
"Lu, Zheng, Young, Kagawa-Singer & Loh",2012,"A Pilot Study of Expressive Writing Intervention among Chinese
Speaking Breast Cancer Survivors",Breast Cancer Survivors,QOL,Post-traumatic Growth Inventory: Total,3 months to 6 months,3,76.01,15.77,75.73,19.53,19,,,,L 4,,No,WED
"Meshberg-Cohen, Svikis & McMahon",2014,Expressive Writing as a Therapeutic Processfor Drug-Dependent Women,Drug-dependent women,PTS,Post-traumatic Stress Diagnostic Scale,Baseline to 2 weeks,0.5,21.3,13.4,18,12.3,82,,,,MC 1,total,Mixed,WED
"Meshberg-Cohen, Svikis & McMahon",2014,Expressive Writing as a Therapeutic Processfor Drug-Dependent Women,Drug-dependent women,PTS,Post-traumatic Stress Diagnostic Scale,Post to 1 month,1,18,12.3,17,12.6,82,,,,MC 2,total,Mixed,WED
Nixon & Kling,2009,"Treatment of adult post-traumatic stress disorder using
a future-oriented writing therapy approach",Traumatic Experience ,PTS,Clinician-Administered PTSD Scale,Baseline to 2 months,2,75.46,23.43,48.15,28.91,13,,,,NK 1,total,Yes,WED
Nixon & Kling,2009,"Treatment of adult post-traumatic stress disorder using
a future-oriented writing therapy approach",Traumatic Experience ,PTS,Clinician-Administered PTSD Scale,2 months to 5 months,3,48.15,28.91,39.8,27.9,13,,,,NK 2,total,Yes,WED
Nixon & Kling,2009,"Treatment of adult post-traumatic stress disorder using
a future-oriented writing therapy approach",Traumatic Experience ,PTS,Post-traumatic Stress Diagnostic Scale,Baseline to 2 months,2,30.54,10.28,21.92,12.2,13,,,,NK 3,total,Yes,WED
Nixon & Kling,2009,"Treatment of adult post-traumatic stress disorder using
a future-oriented writing therapy approach",Traumatic Experience ,PTS,Post-traumatic Stress Diagnostic Scale,2 months to 5 months,3,21.92,12.2,14.67,12.51,13,,,,NK 4,total,Yes,WED
"Paez, Velasco & Gonzalez",1999, Expressive writing and the role of alexithymia as a dispositional deficit in self-disclosure and psychological health,College students ,PTS,Impact of Event Scale: Avoidance Subscale,Baseline to 2 months,2,7.57,4.46,6.42,4.96,19,,,disclosed group,P 1,avoid,No,WED
"Paez, Velasco & Gonzalez",1999, Expressive writing and the role of alexithymia as a dispositional deficit in self-disclosure and psychological health,College students ,PTS,Impact of Event Scale: Intrusions Subscale,Baseline to 2 months,2,12,4.72,11.37,5.15,19,,,disclosed group,P 1,int,No,WED
"Paez, Velasco & Gonzalez",1999, Expressive writing and the role of alexithymia as a dispositional deficit in self-disclosure and psychological health,College students ,PTS,Impact of Event Scale: Avoidance Subscale,Baseline to 2 months,2,6.68,4.31,6.68,3.87,14,,,undisclosed group,P 2,avoid,No,WED
"Paez, Velasco & Gonzalez",1999, Expressive writing and the role of alexithymia as a dispositional deficit in self-disclosure and psychological health,College students ,PTS,Impact of Event Scale: Intrusions Subscale,Baseline to 2 months,2,11.53,5.28,10.21,4.56,14,,,undisclosed group,P 2,int,No,WED
"Paez, Velasco & Gonzalez",1999, Expressive writing and the role of alexithymia as a dispositional deficit in self-disclosure and psychological health,College students ,PTS,Impact of Event Scale: Avoidance Subscale,Baseline to 2 months,2,6.06,3.68,6.61,3.88,18,,,instense low alexythimia,P 3,avoid,No,WED
"Paez, Velasco & Gonzalez",1999, Expressive writing and the role of alexithymia as a dispositional deficit in self-disclosure and psychological health,College students ,PTS,Impact of Event Scale: Intrusions Subscale,Baseline to 2 months,2,11.72,4.06,10.17,4.53,18,,,instense low alexythimia,P 3,int,No,WED
"Paez, Velasco & Gonzalez",1999, Expressive writing and the role of alexithymia as a dispositional deficit in self-disclosure and psychological health,College students ,PTS,Impact of Event Scale: Avoidance Subscale,Baseline to 2 months,2,8.23,4.85,6.53,3.85,15,,,instense high alexythimia,P 4,avoid,No,WED
"Paez, Velasco & Gonzalez",1999, Expressive writing and the role of alexithymia as a dispositional deficit in self-disclosure and psychological health,College students ,PTS,Impact of Event Scale: Intrusions Subscale,Baseline to 2 months,2,11.73,6.07,11.33,5.15,15,,,instense high alexythimia,P 4,int,No,WED
"Paez, Velasco & Gonzalez",1999, Expressive writing and the role of alexithymia as a dispositional deficit in self-disclosure and psychological health,College students ,PTS,Impact of Event Scale: Avoidance Subscale,Baseline to 2 months,2,4.43,2.33,4.52,2.89,22,,,brief low alexythimia,P 5,avoid,No,WED
"Paez, Velasco & Gonzalez",1999, Expressive writing and the role of alexithymia as a dispositional deficit in self-disclosure and psychological health,College students ,PTS,Impact of Event Scale: Intrusions Subscale,Baseline to 2 months,2,9.81,5.39,8.23,3.39,22,,,brief low alexythimia,P 5,int,No,WED
"Paez, Velasco & Gonzalez",1999, Expressive writing and the role of alexithymia as a dispositional deficit in self-disclosure and psychological health,College students ,PTS,Impact of Event Scale: Avoidance Subscale,Baseline to 2 months,2,5.93,3.29,5.93,3.29,15,,,brief high alexythimia,P 6,avoid,No,WED
"Paez, Velasco & Gonzalez",1999, Expressive writing and the role of alexithymia as a dispositional deficit in self-disclosure and psychological health,College students ,PTS,Impact of Event Scale: Intrusions Subscale,Baseline to 2 months,2,10.71,4.81,9.64,4.1,15,,,brief high alexythimia,P 6,int,No,WED
Park & Blumberg,2002,Disclosing Trauma Through Writing: Testingthe Meaning-Making Hypothesis,College students ,PTS,Impact of Event Scale: Avoidance Subscale,Baseline to 4 days,0.133333333,1.24,0.8,1.04,0.76,31,,,,PB 1,avoid,No,WED
Park & Blumberg,2002,Disclosing Trauma Through Writing: Testingthe Meaning-Making Hypothesis,College students ,PTS,Impact of Event Scale: Intrusions Subscale,Baseline to 4 days,0.133333333,1.46,0.85,1.46,0.79,31,,,,PB 1,int,No,WED
Park & Blumberg,2002,Disclosing Trauma Through Writing: Testingthe Meaning-Making Hypothesis,College students ,PTS,Impact of Event Scale: Avoidance Subscale,Post to 4 months,4,1.04,0.76,0.72,0.72,31,,,,PB 2,avoid,No,WED
Park & Blumberg,2002,Disclosing Trauma Through Writing: Testingthe Meaning-Making Hypothesis,College students ,PTS,Impact of Event Scale: Intrusions Subscale,Post to 4 months,4,1.46,0.79,0.84,0.82,31,,,,PB 2,int,No,WED
"Possemato, Ouimette & Geller",2010,Internet-Based Expressive Writing for Kidney Transplant Recipients: Effects on Posttraumatic Stress and Quality of Life,Kidney Transplant,PTS,PTSD Checklist   Civilian Version: Avoidance,Baseline to 3 months,3,15,5,12,3,24,,,,POG,avoid,Mixed,WED
"Possemato, Ouimette & Geller",2010,Internet-Based Expressive Writing for Kidney Transplant Recipients: Effects on Posttraumatic Stress and Quality of Life,Kidney Transplant,PTS,PTSD Checklist   Civilian Version,Baseline to 3 months,3,37,12,32,6,24,,,,POG 1,total,Mixed,WED
"Possemato, Ouimette & Geller",2010,Internet-Based Expressive Writing for Kidney Transplant Recipients: Effects on Posttraumatic Stress and Quality of Life,Kidney Transplant,PTS,PTSD Checklist   Civilian Version: Arousal,Baseline to 3 months,3,12,4,10,3,24,,,,POG 2,total,Mixed,WED
"Possemato, Ouimette & Geller",2010,Internet-Based Expressive Writing for Kidney Transplant Recipients: Effects on Posttraumatic Stress and Quality of Life,Kidney Transplant,PTS,PTSD Checklist   Civilian Version: Reexpression,Baseline to 3 months,3,10,4,8,2,24,,,,POG 3,total,Mixed,WED
"Possemato, Ouimette & Geller",2010,Internet-Based Expressive Writing for Kidney Transplant Recipients: Effects on Posttraumatic Stress and Quality of Life,Kidney Transplant,QOL,Kidney Transplant Questionnaire,Baseline to 3 months,3,76,24,44,7,24,,,,P 1,,Mixed,WED
"Possemato, Ouimette & Geller",2010,Internet-Based Expressive Writing for Kidney Transplant Recipients: Effects on Posttraumatic Stress and Quality of Life,Kidney Transplant,QOL,Nottingham Health Profile,Baseline to 3 months,3,196,124,389,76,24,,,,P 2,,Mixed,WED
"Range, Kovac & Marion",2000,"Does Writing About the Bereavement Lessen Grief Following Sudden, Unintentional Death? ",Bereaved college students ,PTS,Impact of Event Scale: Avoidance Subscale,Baseline to 4 days,0.133333333,16.25,10.19,11.95,8.85,30,,,,R 1,avoid,No,WED
"Range, Kovac & Marion",2000,"Does Writing About the Bereavement Lessen Grief Following Sudden, Unintentional Death? ",Bereaved college students ,PTS,Impact of Event Scale: Intrusions Subscale,Baseline to 4 days,0.133333333,17.45,11.28,12.65,10.44,30,,,,R 1,int,No,WED
"Range, Kovac & Marion",2000,"Does Writing About the Bereavement Lessen Grief Following Sudden, Unintentional Death? ",Bereaved college students ,PTS,Impact of Event Scale: Avoidance Subscale,Post to 6 weeks,1.5,11.95,8.85,8.5,9.27,30,,,,R 2,avoid,No,WED
"Range, Kovac & Marion",2000,"Does Writing About the Bereavement Lessen Grief Following Sudden, Unintentional Death? ",Bereaved college students ,PTS,Impact of Event Scale: Intrusions Subscale,Post to 6 weeks,1.5,12.65,10.44,9.75,9.18,30,,,,R 2,int,No,WED
"Schoutrop, Lange, Hanewald, Davidovich & Salomon",2002,Structured writing and processing major stressful events: A controlled trial,College students with a history of trauma ,PTS,Impact of Event Scale: Avoidance Subscale,Baseline to 2 weeks,0.5,17.3,5.6,15.2,3.9,26,,,,S 1,avoid,Mixed,WED
"Schoutrop, Lange, Hanewald, Davidovich & Salomon",2002,Structured writing and processing major stressful events: A controlled trial,College students with a history of trauma ,PTS,Impact of Event Scale: Intrusions Subscale,Baseline to 2 weeks,0.5,15.6,5.1,14.6,3.7,26,,,,S 1,int,Mixed,WED
"Schoutrop, Lange, Hanewald, Davidovich & Salomon",2002,Structured writing and processing major stressful events: A controlled trial,College students with a history of trauma ,PTS,Impact of Event Scale: Avoidance Subscale,Post to 6 weeks,1.5,15.2,3.9,13.2,5.1,26,,,,S 2,avoid,Mixed,WED
"Schoutrop, Lange, Hanewald, Davidovich & Salomon",2002,Structured writing and processing major stressful events: A controlled trial,College students with a history of trauma ,PTS,Impact of Event Scale: Intrusions Subscale,Post to 6 weeks,1.5,14.6,3.7,11.7,3.6,26,,,,S 2,int,Mixed,WED
Schwartz & Drotar ,2004, Effects of written emotional disclosure on caregivers of children and adolescents with chronic illness,Caregivers of sick loved ones ,QOL,Health-Related Quality of Life: Bodily Pain,Baseline to 4 months,4,72.52,24.52,68.41,24.14,27,,,,SD 1,,No,WED
Schwartz & Drotar ,2004, Effects of written emotional disclosure on caregivers of children and adolescents with chronic illness,Caregivers of sick loved ones ,QOL,Health-Related Quality of Life: General Health,Baseline to 4 months,4,65.83,23.04,62.38,32.24,27,,,,SD 2,,No,WED
Schwartz & Drotar ,2004, Effects of written emotional disclosure on caregivers of children and adolescents with chronic illness,Caregivers of sick loved ones ,QOL,Health-Related Quality of Life: Mental Health Summary,Baseline to 4 months,4,37.16,12.04,33.26,10.79,27,,,,SD 3,,No,WED
Schwartz & Drotar ,2004, Effects of written emotional disclosure on caregivers of children and adolescents with chronic illness,Caregivers of sick loved ones ,QOL,Health-Related Quality of Life: Physical Functioning,Baseline to 4 months,4,87.59,19.89,83.45,18.43,27,,,,SD 4,,No,WED
Schwartz & Drotar ,2004, Effects of written emotional disclosure on caregivers of children and adolescents with chronic illness,Caregivers of sick loved ones ,QOL,Health-Related Quality of Life: Physical Health Summary,Baseline to 4 months,4,53.83,8.46,51.89,9.5,27,,,,SD 5,,No,WED
Schwartz & Drotar ,2004, Effects of written emotional disclosure on caregivers of children and adolescents with chronic illness,Caregivers of sick loved ones ,QOL,Health-Related Quality of Life: Role-emotional,Baseline to 4 months,4,60.55,21.45,57.1,17,27,,,,SD 6,,No,WED
Schwartz & Drotar ,2004, Effects of written emotional disclosure on caregivers of children and adolescents with chronic illness,Caregivers of sick loved ones ,QOL,Health-Related Quality of Life: Role-physical,Baseline to 4 months,4,80.17,36.83,69.83,38.02,27,,,,SD 7,,No,WED
Schwartz & Drotar ,2004, Effects of written emotional disclosure on caregivers of children and adolescents with chronic illness,Caregivers of sick loved ones ,QOL,Health-Related Quality of Life: Social Functioning,Baseline to 4 months,4,55.86,22.92,42.41,22.47,27,,,,SD 8,,No,WED
Schwartz & Drotar ,2004, Effects of written emotional disclosure on caregivers of children and adolescents with chronic illness,Caregivers of sick loved ones ,QOL,Health-Related Quality of Life: Vitality,Baseline to 4 months,4,39.66,15.13,27.87,17.15,27,,,,SD 9,,No,WED
"Smyth, Hockemeyer, Anderson, Strandberg, Koch, O'Neill, et al. ",2002, Structured writing about a natural disaster buffers the effect of intrusive thoughts on negative affect and physical symptoms,College student hurricane survivors ,PTS,Impact of Event Scale - Revised: Avoidance Subscale,Baseline to 3 months,3,12.1,10.4,11.2,9.4,27,,,,SH,avoid,No,WED
"Smyth, Hockemeyer, Anderson, Strandberg, Koch, O'Neill, et al. ",2002,Does emotional non-expressiveness or avoidance interfere with writing about stressful life events? An analysis in patients with chronic illness.,College student hurricane survivors ,PTS,Impact of Event Scale - Revised: Intrusions Subscale,Baseline to 3 months,3,13.7,8.8,8,6.1,27,,,,SH,int,No,WED
"Stockton, Joseph & Hunt",2014,Expressive Writing and Posttraumatic Growth: An Internet-Based Study,Participants previously in traumatic event study,PTG,Post-traumatic Growth Inventory: Short Form,Baseline to 2 weeks,0.5,13.86,9.42,14.71,10.87,14,,,,S 1,,No,WED
"Stockton, Joseph & Hunt",2014,Expressive Writing and Posttraumatic Growth: An Internet-Based Study,Participants previously in traumatic event study,PTG,Post-traumatic Growth Inventory: Short Form,2 weeks to 8 weeks,1.5,14.71,10.87,14.21,10.3,14,,,,S 2,,No,WED
"Slavin-Spenny, Cohen, Oberleitner & Lumley",2011,The Effects of Different Methods of Emotional Disclosure: DifferentiatingPost-Traumatic Growth From Stress Symptoms,Unresolved Stressful Experience,PTG,Post-traumatic Growth Inventory: Appreciation of Life,Baseline to 6 weeks,1.5,4.05,1.47,3.96,1.5,36,,,,SS 1,,No,WED
"Slavin-Spenny, Cohen, Oberleitner & Lumley",2011,The Effects of Different Methods of Emotional Disclosure: DifferentiatingPost-Traumatic Growth From Stress Symptoms,Unresolved Stressful Experience,PTG,Post-traumatic Growth Inventory: Relating to others,Baseline to 6 weeks,1.5,3.1,1.4,3.69,1.58,36,,,,SS 2,,No,WED
"Slavin-Spenny, Cohen, Oberleitner & Lumley",2011,The Effects of Different Methods of Emotional Disclosure: DifferentiatingPost-Traumatic Growth From Stress Symptoms,Unresolved Stressful Experience,PTG,Post-traumatic Growth Inventory: New Possibilities,Baseline to 6 weeks,1.5,3.41,1.49,3.73,1.53,36,,,,SS 3,,No,WED
"Slavin-Spenny, Cohen, Oberleitner & Lumley",2011,The Effects of Different Methods of Emotional Disclosure: DifferentiatingPost-Traumatic Growth From Stress Symptoms,Unresolved Stressful Experience,PTG,Post-traumatic Growth Inventory: Spiritual change,Baseline to 6 weeks,1.5,3.39,1.94,3.32,2.03,36,,,,SS 4,,No,WED
"Smyth, Hockemeyer, Anderson, Strandberg, Koch, O'Neill, et al. ",2002, Structured writing about a natural disaster buffers the effect of intrusive thoughts on negative affect and physical symptoms,College student hurricane survivors ,PTS,Impact of Event Scale - Revised: Hyperarousal Subscale,Baseline to 3 months,3,9.9,7.5,5.4,5.1,27,,,,SH,hyper,No,WED
"Stockton, Joseph & Hunt",2014,Expressive Writing and Posttraumatic Growth: An Internet-Based Study,Participants previously in traumatic event study,PTS,Impact of Event Scale - Revised: Avoidance Subscale,Baseline to 2 weeks,0.5,15.81,6.57,13.86,6.37,14,,,,SJH 1,avoid,No,WED
"Stockton, Joseph & Hunt",2014,Expressive Writing and Posttraumatic Growth: An Internet-Based Study,Participants previously in traumatic event study,PTS,Impact of Event Scale - Revised: Intrusions Subscale,Baseline to 2 weeks,0.5,19.89,7.08,17.33,8.46,14,,,,SJH 1,int,No,WED
"Stockton, Joseph & Hunt",2014,Expressive Writing and Posttraumatic Growth: An Internet-Based Study,Participants previously in traumatic event study,PTS,Impact of Event Scale - Revised: Hyperarousal Subscale,Baseline to 2 weeks,0.5,14.14,5.86,12,6.19,14,,,,SJH 1,hyper,No,WED
"Stockton, Joseph & Hunt",2014,Expressive Writing and Posttraumatic Growth: An Internet-Based Study,Participants previously in traumatic event study,PTS,Impact of Event Scale - Revised: Avoidance Subscale,2 weeks to 8 weeks,1.5,13.86,6.37,15.07,6.97,14,,,,SJH 2,avoid,No,WED
"Stockton, Joseph & Hunt",2014,Expressive Writing and Posttraumatic Growth: An Internet-Based Study,Participants previously in traumatic event study,PTS,Impact of Event Scale - Revised: Hyperarousal Subscale,2 weeks to 8 weeks,1.5,12,6.19,10.29,6.41,14,,,,SJH 2,hyper,No,WED
"Stockton, Joseph & Hunt",2014,Expressive Writing and Posttraumatic Growth: An Internet-Based Study,Participants previously in traumatic event study,PTS,Impact of Event Scale - Revised: Intrusions Subscale,2 weeks to 8 weeks,1.5,17.33,8.46,14.79,9.3,14,,,,SJH 2,int,No,WED
"Sloan, Lee, Litwack, Sawyer, & Marx",2013,Written Exposure Therapy for Veterans Diagnosed with PTSD: A Pilot Study,Veterans with PTSD,PTS,Clinician-Administered PTSD Scale,Baseline to 6 weeks,6,63.43,19.14,42,20.49,7,,,,SLL 1,total,Yes,WET
"Sloan, Lee, Litwack, Sawyer, & Marx",2013,Written Exposure Therapy for Veterans Diagnosed with PTSD: A Pilot Study,Veterans with PTSD,PTS,Clinician-Administered PTSD Scale,6 weeks to 3 months,6,42,20.49,31.57,20.9,7,,,,SLL 2,total,Yes,WET
Sloan & Marx,2004,A Closer Examination of the Structured Written Disclosure Procedure,College students ,PTS,Post-traumatic Stress Diagnostic Scale,Baseline to 1 month,1,17.6,6.8,11.5,9.9,26,,,,SM,total,Yes,WED
"Sloan, Marx, Bovin, Feinstein, Gallagher",2012,Written exposure as an intervention for PTSD: A randomized clinical trial with motor vehicle accident survivors,Motor Vehicle Accident Survivors,PTS,Clinician-Administered PTSD Scale,Baseline to 6 weeks,6,62,14.07124728,20,9.38083152,22,,,,SMB 1,total,Yes,WET
"Sloan, Marx, Bovin, Feinstein, Gallagher",2012,Written exposure as an intervention for PTSD: A randomized clinical trial with motor vehicle accident survivors,Motor Vehicle Accident Survivors,PTS,Clinician-Administered PTSD Scale,6 weeks to 3 months,6,20,9.38083152,10,4.69041576,22,,,,SMB 2,total,Yes,WET
"Sloan, Marx, Bovin, Feinstein, Gallagher",2012,Written exposure as an intervention for PTSD: A randomized clinical trial with motor vehicle accident survivors,Motor Vehicle Accident Survivors,PTS,Clinician-Administered PTSD Scale,3 months to 6 months,12,10,4.69041576,10,4.69041576,22,,,,SMB 3,total,Yes,WET
"Sloan, Marx & Epstein",2005, Further examination of the exposure model underlying the efficacy of written emotional disclosure,College students with PTS ,PTS,Post-traumatic Stress Diagnostic Scale,Baseline to 1 month,1,20,6.1,7.6,6.1,28,,,repeat disclosure condition,SME 1,total,Yes,WED
"Sloan, Marx & Epstein",2005, Further examination of the exposure model underlying the efficacy of written emotional disclosure,College students with PTS ,PTS,Post-traumatic Stress Diagnostic Scale,Post to 1 month,1,7.6,6.1,6.6,5.6,28,,,repeat disclosure condition,SME 2,total,Yes,WED
"Sloan, Marx & Epstein",2005, Further examination of the exposure model underlying the efficacy of written emotional disclosure,College students with PTS ,PTS,Post-traumatic Stress Diagnostic Scale,Baseline to 1 month,1,18.3,7.6,16.2,9.2,26,,,different disclosure condition,SME 3,total,Yes,WED
"Sloan, Marx & Epstein",2005, Further examination of the exposure model underlying the efficacy of written emotional disclosure,College students with PTS ,PTS,Post-traumatic Stress Diagnostic Scale,Post to 1 month,1,16.2,9.2,15.6,9.7,26,,,different disclosure condition,SME 4,total,Yes,WED
"Sloan, Marx, & Greenberg",2011,A test of written emotional disclosure as an interventionfor posttraumatic stress disorder,College students ,PTS,PTSD Symptom Scale-Interview,Baseline to 1 month,1,24.8,5.5,16,8.2,21,,,,SME 5,total,Yes,WED
"Sloan, Marx, Epstein, & Lexington ",2007,Does altering the writing instructions influence outcome associated with written disclosure? ,College students with PTS,PTS,Post-traumatic Stress Diagnostic Scale,Baseline to 1 month,4,20.7,9.1,8.5,7.5,28,,,EE group,SMEL 1,total,Yes,WED
"Sloan, Marx, Epstein, & Lexington ",2007,Does altering the writing instructions influence outcome associated with written disclosure? ,College students with PTS,PTS,Post-traumatic Stress Diagnostic Scale,Baseline to 1 month,4,17.5,9.1,14.7,10.9,27,,,ICA group,SMEL 2,total,Yes,WED
"Sloan, Marx, Lee, & Resick",2018,"A Brief Exposure-Based Treatment vs Cognitive Processing
Therapy for Posttraumatic Stress Disorder:
A Randomized Noninferiority Clinical Trial",PTSD,PTS,Clinician-Administered PTSD Scale,Baseline to 6 weeks,6,36.1,8.91,30.9,11.7,63,,,,SML 1,total,Yes,WET
"Sloan, Marx, Lee, & Resick",2018,"A Brief Exposure-Based Treatment vs Cognitive Processing
Therapy for Posttraumatic Stress Disorder:
A Randomized Noninferiority Clinical Trial",PTSD,PTS,Clinician-Administered PTSD Scale,6 weeks to 12 weeks,6,30.9,11.7,26.63,13,63,,,,SML 2,total,Yes,WET
"Sloan, Marx, Lee, & Resick",2018,"A Brief Exposure-Based Treatment vs Cognitive Processing
Therapy for Posttraumatic Stress Disorder:
A Randomized Noninferiority Clinical Trial",PTSD,PTS,Clinician-Administered PTSD Scale,12 weeks to 24 weeks,12,26.63,13,25.23,13.2,63,,,,SML 3,total,Yes,WET
"Sloan, Marx, Lee, & Resick",2018,"A Brief Exposure-Based Treatment vs Cognitive Processing
Therapy for Posttraumatic Stress Disorder:
A Randomized Noninferiority Clinical Trial",PTSD,PTS,Clinician-Administered PTSD Scale,24 weeks to 36 weeks,12,25.23,13.2,23.26,13.33,63,,,,SML 4,total,Yes,WET
"Slavin-Spenny, Cohen, Oberleitner & Lumley",2011,The Effects of Different Methods of Emotional Disclosure: DifferentiatingPost-Traumatic Growth From Stress Symptoms,Unresolved Stressful Experience,PTS,Impact of Event Scale: Avoidance Subscale,Baseline to 6 weeks,1.5,1.94,0.79,1.61,1.02,36,,,,SS,avoid,No,WED
"Slavin-Spenny, Cohen, Oberleitner & Lumley",2011,The Effects of Different Methods of Emotional Disclosure: DifferentiatingPost-Traumatic Growth From Stress Symptoms,Unresolved Stressful Experience,PTS,Impact of Event Scale: Intrusions Subscale,Baseline to 6 weeks,1.5,2.01,1.18,1.44,1.09,36,,,,SS,int,No,WED
"Slavin-Spenny, Cohen, Oberleitner & Lumley",2011,The Effects of Different Methods of Emotional Disclosure: DifferentiatingPost-Traumatic Growth From Stress Symptoms,Unresolved Stressful Experience,PTG,Post-traumatic Growth Inventory: Total,Baseline to 6 weeks,1.5,3.53,1.23,3.8,1.39,36,,,,SS 5,,No,WED
"Slavin-Spenny, Cohen, Oberleitner & Lumley",2011,The Effects of Different Methods of Emotional Disclosure: DifferentiatingPost-Traumatic Growth From Stress Symptoms,Unresolved Stressful Experience,PTG,Post-traumatic Growth Inventory: Personal strength,Baseline to 6 weeks,1.5,3.9,1.44,4.17,1.58,36,,,,SS 6,,No,WED
Ullrich & Lutgendorf ,2002,Journaling about stressful events:Effectsofcognitiveprocessingandemotionalexpression,College students ,PTG,Post-traumatic Growth Inventory: Total,Baseline to 1 month,1,70.68,20.87,75.95,19.03,63,,,,UL,,No,WED
Vedhara et al.,2007,"Changes in mood predict disease activity and quality of life in patients
with psoriasis following emotional disclosure",Psoriasis patients,QOL,Dermatology Life Quality Index,Baseline to 2 weeks,0.5,6.95,5.22,6.53,6.08,31,,,,V 1,,No,WED
Vedhara et al.,2007,"Changes in mood predict disease activity and quality of life in patients
with psoriasis following emotional disclosure",Psoriasis patients,QOL,Dermatology Life Quality Index,2 weeks to 8 weeks,1.5,6.53,6.08,5.18,5.26,31,,,,V 2,,No,WED
Vedhara et al.,2007,"Changes in mood predict disease activity and quality of life in patients
with psoriasis following emotional disclosure",Psoriasis patients,QOL,Dermatology Life Quality Index,8 weeks to 12 weeks,1,5.1,5.26,5.39,4.59,31,,,,V 3,,No,WED
"Wagner, Knaevelsrud, & Maercker",2006,"INTERNET-BASED COGNITIVE-BEHAVIORAL
THERAPY FOR COMPLICATED GRIEF:
A RANDOMIZED CONTROLLED TRIAL",Complicated Grief,PTS,Impact of Event Scale: Avoidance Subscale,Baseline to 5 weeks,1.25,17.19,10.46,6.08,6.84,26,,,,WKM 1,avoid,Mixed,WED
"Wagner, Knaevelsrud, & Maercker",2006,"INTERNET-BASED COGNITIVE-BEHAVIORAL
THERAPY FOR COMPLICATED GRIEF:
A RANDOMIZED CONTROLLED TRIAL",Complicated Grief,PTS,Impact of Event Scale: Intrusions Subscale,Baseline to 5 weeks,1.25,24.31,6.75,12.81,8.3,26,,,,WKM 1,int,Mixed,WED
"Wagner, Knaevelsrud, & Maercker",2006,"INTERNET-BASED COGNITIVE-BEHAVIORAL
THERAPY FOR COMPLICATED GRIEF:
A RANDOMIZED CONTROLLED TRIAL",Complicated Grief,PTS,Impact of Event Scale: Avoidance Subscale,Post to 3 months,3,6.08,6.84,6.37,6.12,26,,,,WKM 2,avoid,Mixed,WED
"Wagner, Knaevelsrud, & Maercker",2006,"INTERNET-BASED COGNITIVE-BEHAVIORAL
THERAPY FOR COMPLICATED GRIEF:
A RANDOMIZED CONTROLLED TRIAL",Complicated Grief,PTS,Impact of Event Scale: Intrusions Subscale,Post to 3 months,3,12.81,8.3,13.33,6.7,26,,,,WKM 2,int,Mixed,WED
"Walker, Nail, & Croyle",1999,Does emotional expression make a difference in reactions to breast cancer? ,Female cancer patients ,PTS,Impact of Event Scale: Avoidance Subscale,Baseline to 1 week,0.25,14.4,2.3,12.3,2.4,12,,,one essay group,WNC 1,avoid,No,WED
"Walker, Nail, & Croyle",1999,Does emotional expression make a difference in reactions to breast cancer? ,Female cancer patients ,PTS,Impact of Event Scale: Intrusions Subscale,Baseline to 1 week,0.25,13.4,2.5,9.2,2.5,12,,,one essay group,WNC 1,int,No,WED
"Walker, Nail, & Croyle",1999,Does emotional expression make a difference in reactions to breast cancer? ,Female cancer patients ,PTS,Impact of Event Scale: Avoidance Subscale,1 week to 4-6 weeks,1,12.3,2.4,10.9,2.4,12,,,one essay group,WNC 2,avoid,No,WED
"Walker, Nail, & Croyle",1999,Does emotional expression make a difference in reactions to breast cancer? ,Female cancer patients ,PTS,Impact of Event Scale: Intrusions Subscale,1 week to 4-6 weeks,1,9.2,2.5,8.1,1.9,12,,,one essay group,WNC 2,int,No,WED
"Walker, Nail, & Croyle",1999,Does emotional expression make a difference in reactions to breast cancer? ,Female cancer patients ,PTS,Impact of Event Scale: Avoidance Subscale,4-6 weeks to 16 weeks,3,10.9,2.4,11.9,2.6,12,,,one essay group,WNC 3,avoid,No,WED
"Walker, Nail, & Croyle",1999,Does emotional expression make a difference in reactions to breast cancer? ,Female cancer patients ,PTS,Impact of Event Scale: Intrusions Subscale,4-6 weeks to 16 weeks,3,8.1,1.9,10.3,2,12,,,one essay group,WNC 3,int,No,WED
"Walker, Nail, & Croyle",1999,Does emotional expression make a difference in reactions to breast cancer? ,Female cancer patients ,PTS,Impact of Event Scale: Avoidance Subscale,16 weeks to 28 weeks,3,11.9,2.6,10.7,2.8,12,,,one essay group,WNC 4,avoid,No,WED
"Walker, Nail, & Croyle",1999,Does emotional expression make a difference in reactions to breast cancer? ,Female cancer patients ,PTS,Impact of Event Scale: Intrusions Subscale,16 weeks to 28 weeks,3,10.3,2,10.5,2.3,12,,,one essay group,WNC 4,int,No,WED
"Walker, Nail, & Croyle",1999,Does emotional expression make a difference in reactions to breast cancer? ,Female cancer patients ,PTS,Impact of Event Scale: Avoidance Subscale,Baseline to 1 week,0.25,11.4,1.9,12.6,2,16,,,three essay group,WNC 5,avoid,No,WED
"Walker, Nail, & Croyle",1999,Does emotional expression make a difference in reactions to breast cancer? ,Female cancer patients ,PTS,Impact of Event Scale: Intrusions Subscale,Baseline to 1 week,0.25,11.5,2.2,10.5,2.1,16,,,three essay group,WNC 5,int,No,WED
"Walker, Nail, & Croyle",1999,Does emotional expression make a difference in reactions to breast cancer? ,Female cancer patients ,PTS,Impact of Event Scale: Avoidance Subscale,1 week to 4-6 weeks,1,12.6,2,8.6,2.1,16,,,three essay group,WNC 6,avoid,No,WED
"Walker, Nail, & Croyle",1999,Does emotional expression make a difference in reactions to breast cancer? ,Female cancer patients ,PTS,Impact of Event Scale: Intrusions Subscale,1 week to 4-6 weeks,1,10.5,2.1,8.4,1.6,16,,,three essay group,WNC 6,int,No,WED
"Walker, Nail, & Croyle",1999,Does emotional expression make a difference in reactions to breast cancer? ,Female cancer patients ,PTS,Impact of Event Scale: Avoidance Subscale,4-6 weeks to 16 weeks,3,8.6,2.1,8.7,2.3,16,,,three essay group,WNC 7,avoid,No,WED
"Walker, Nail, & Croyle",1999,Does emotional expression make a difference in reactions to breast cancer? ,Female cancer patients ,PTS,Impact of Event Scale: Intrusions Subscale,4-6 weeks to 16 weeks,3,8.4,1.6,7.3,1.7,16,,,three essay group,WNC 7,int,No,WED
"Walker, Nail, & Croyle",1999,Does emotional expression make a difference in reactions to breast cancer? ,Female cancer patients ,PTS,Impact of Event Scale: Avoidance Subscale,16 weeks to 28 weeks,3,8.7,2.3,9.5,2.4,16,,,three essay group,WNC 8,avoid,No,WED
"Walker, Nail, & Croyle",1999,Does emotional expression make a difference in reactions to breast cancer? ,Female cancer patients ,PTS,Impact of Event Scale: Intrusions Subscale,16 weeks to 28 weeks,3,7.3,1.7,8.5,1.9,16,,,three essay group,WNC 8,int,No,WED
"Zakowski, Ramati, Morton, Johnson, & Flanigan",2004,"Written Emotional Disclosure Buffers the Effects of Social Constraints on
Distress Among Cancer Patients",Prostate or gynecological cancer,PTS,Impact of Event Scale: Avoidance Subscale,Baseline to 6 months,6,9.26,9.51,7.23,8.27,62,,,,Z,avoid,No,WED
"Zakowski, Ramati, Morton, Johnson, & Flanigan",2004,"Written Emotional Disclosure Buffers the Effects of Social Constraints on
Distress Among Cancer Patients",Prostate or gynecological cancer,PTS,Impact of Event Scale: Intrusions Subscale,Baseline to 6 months,6,7.31,7.92,6.53,7.3,62,,,,Z,int,No,WED